{
  "Author": "Kaminaris, kij",
  "Name": "NextUIOverlay",
  "InternalName": "NextUIOverlay",
  "AssemblyVersion": "1.0.5.0",
  "Description": "OverlayPlugin replacement for Dalamud, works similarly to BrowserHost with addition to having more options and built in websocket server.",
  "ApplicableVersion": "any",
  "RepoUrl": "https://gitlab.com/kaminariss/nextui-plugin",
  "Tags": [
    "UI"
  ],
  "DalamudApiLevel": 12,
  "LoadRequiredState": 0,
  "LoadSync": false,
  "CanUnloadAsync": false,
  "LoadPriority": 0,
  "IconUrl": "https://gitlab.com/kaminariss/nextui-plugin/-/raw/master/icon.png",
  "Punchline": "OverlayPlugin for Dalamud with built in HUD replacement",
  "AcceptsFeedback": true
}